year,land_average_temperature_c,land_average_uncertainty_c,land_ocean_average_temperature_c,land_ocean_average_uncertainty_c,land_months,land_ocean_months,land_ocean_anomaly_c
1750,8.719363636363637,2.6378181818181816,,,11,0,
1751,7.9761428571428565,2.781142857142857,,,7,0,
1752,5.779833333333333,2.9770000000000003,,,6,0,
1753,8.388083333333332,3.176,,,12,0,
1754,8.469333333333333,3.4942499999999996,,,12,0,
1755,8.355583333333334,3.8503333333333334,,,12,0,
1756,8.849583333333333,3.262333333333333,,,12,0,
1757,9.022,4.026,,,12,0,
1758,6.7435833333333335,3.362916666666667,,,12,0,
1759,7.985083333333333,3.6789166666666664,,,12,0,
1760,7.1851666666666665,3.0889166666666665,,,12,0,
1761,8.772499999999999,3.144833333333333,,,12,0,
1762,8.6065,3.52425,,,12,0,
1763,7.49675,3.1515833333333334,,,12,0,
1764,8.400333333333334,2.7752499999999998,,,12,0,
1765,8.251916666666666,2.42775,,,12,0,
1766,8.405666666666667,2.8358333333333334,,,12,0,
1767,8.2215,2.962666666666667,,,12,0,
1768,6.781333333333333,2.266,,,12,0,
1769,7.694583333333333,2.410083333333333,,,12,0,
1770,7.691916666666667,2.780666666666667,,,12,0,
1771,7.853166666666667,2.6045833333333333,,,12,0,
1772,8.1935,2.463833333333333,,,12,0,
1773,8.2215,2.36075,,,12,0,
1774,8.772166666666667,3.4151666666666665,,,12,0,
1775,9.183083333333334,2.3205833333333334,,,12,0,
1776,8.304,2.8641666666666663,,,12,0,
1777,8.25625,2.442833333333333,,,12,0,
1778,8.542250000000001,2.8725,,,12,0,
1779,8.98325,2.5058333333333334,,,12,0,
1780,9.432916666666666,2.5848333333333335,,,12,0,
1781,8.102583333333333,2.503833333333333,,,12,0,
1782,7.90125,2.5505833333333334,,,12,0,
1783,7.680833333333333,2.4944166666666665,,,12,0,
1784,7.861999999999999,2.2556666666666665,,,12,0,
1785,7.3629999999999995,2.2395,,,12,0,
1786,8.258166666666666,2.5254166666666666,,,12,0,
1787,8.031833333333333,2.3617500000000002,,,12,0,
1788,8.447166666666666,2.5578333333333334,,,12,0,
1789,8.334166666666667,1.8686666666666667,,,12,0,
1790,7.982333333333333,1.7716666666666665,,,12,0,
1791,8.234250000000001,1.7837500000000002,,,12,0,
1792,8.089,1.7004166666666667,,,12,0,
1793,8.229166666666666,2.2744166666666668,,,12,0,
1794,8.526000000000002,1.979,,,12,0,
1795,8.350333333333333,2.0433333333333334,,,12,0,
1796,8.270999999999999,1.9206666666666667,,,12,0,
1797,8.510583333333333,2.045666666666667,,,12,0,
1798,8.670250000000001,1.9033333333333333,,,12,0,
1799,8.50575,1.7384166666666667,,,12,0,
1800,8.484250000000001,1.7186666666666668,,,12,0,
1801,8.589666666666666,1.5816666666666668,,,12,0,
1802,8.578166666666666,1.8490000000000002,,,12,0,
1803,8.503,1.6331666666666667,,,12,0,
1804,8.844833333333332,1.8418333333333334,,,12,0,
1805,8.56275,1.6889166666666666,,,12,0,
1806,8.434083333333334,1.5700833333333335,,,12,0,
1807,8.281416666666667,1.59225,,,12,0,
1808,7.626833333333333,1.9968333333333332,,,12,0,
1809,7.076416666666667,2.1354166666666665,,,12,0,
1810,6.922666666666667,2.311,,,12,0,
1811,6.859500000000001,2.0957500000000002,,,12,0,
1812,7.04625,2.1355833333333334,,,12,0,
1813,7.739916666666667,1.7088333333333334,,,12,0,
1814,7.59175,2.1685,,,12,0,
1815,7.239333333333334,1.9665,,,12,0,
1816,6.9375,2.1929166666666666,,,12,0,
1817,6.975666666666666,1.7083333333333333,,,12,0,
1818,7.828916666666667,1.8290833333333332,,,12,0,
1819,7.369166666666666,1.5819166666666666,,,12,0,
1820,7.61625,1.6187500000000001,,,12,0,
1821,8.090083333333334,1.3758333333333335,,,12,0,
1822,8.188333333333334,1.37525,,,12,0,
1823,7.718666666666667,1.3622500000000002,,,12,0,
1824,8.547166666666667,1.4478333333333333,,,12,0,
1825,8.389333333333333,1.5078333333333334,,,12,0,
1826,8.356583333333333,1.5595833333333333,,,12,0,
1827,8.80875,1.4435833333333334,,,12,0,
1828,8.165333333333333,1.6484166666666666,,,12,0,
1829,7.941833333333332,1.31975,,,12,0,
1830,8.51675,1.4314166666666666,,,12,0,
1831,7.639166666666667,1.5315,,,12,0,
1832,7.450166666666667,1.5404166666666665,,,12,0,
1833,8.013,1.2335,,,12,0,
1834,8.146749999999999,1.15225,,,12,0,
1835,7.392499999999999,1.2753333333333332,,,12,0,
1836,7.695833333333334,1.1694166666666665,,,12,0,
1837,7.375666666666667,1.2909166666666667,,,12,0,
1838,7.514916666666667,1.1623333333333334,,,12,0,
1839,7.63225,1.1794166666666668,,,12,0,
1840,7.796250000000001,0.9911666666666666,,,12,0,
1841,7.688166666666667,0.952,,,12,0,
1842,8.02275,0.8975,,,12,0,
1843,8.173666666666668,0.7498333333333332,,,12,0,
1844,7.646333333333334,0.926,,,12,0,
1845,7.851166666666667,0.8815000000000001,,,12,0,
1846,8.55275,1.05175,,,12,0,
1847,8.086,0.9006666666666666,,,12,0,
1848,7.979499999999999,0.8713333333333333,,,12,0,
1849,7.984416666666667,0.9135833333333334,,,12,0,
1850,7.900666666666667,0.8764166666666666,14.867166666666668,0.30816666666666664,12,12,-0.43238055555555555
1851,8.178583333333334,0.8819166666666667,14.991833333333334,0.3120833333333333,12,12,-0.3077138888888893
1852,8.100166666666667,0.91825,15.0065,0.3164166666666667,12,12,-0.29304722222222246
1853,8.041833333333333,0.835,14.955166666666669,0.2838333333333333,12,12,-0.3443805555555546
1854,8.2105,0.8256666666666667,14.991,0.2764166666666667,12,12,-0.30854722222222364
1855,8.11075,0.8871666666666668,15.021083333333335,0.2911666666666667,12,12,-0.2784638888888882
1856,7.995916666666666,0.7607499999999999,14.879333333333333,0.26016666666666666,12,12,-0.42021388888889
1857,7.758166666666667,0.7510833333333333,14.758249999999999,0.25975,12,12,-0.5412972222222248
1858,8.10025,0.69975,14.8815,0.2518333333333333,12,12,-0.41804722222222246
1859,8.252,0.6746666666666666,14.929916666666665,0.25825000000000004,12,12,-0.3696305555555579
1860,7.960833333333333,0.626,14.882916666666667,0.25216666666666665,12,12,-0.4166305555555567
1861,7.8465,0.6534166666666666,14.800666666666666,0.2785,12,12,-0.4988805555555569
1862,7.558583333333334,0.6889166666666666,14.740083333333333,0.2876666666666667,12,12,-0.5594638888888905
1863,8.111833333333333,0.7480000000000001,14.935749999999999,0.31633333333333336,12,12,-0.36379722222222455
1864,7.983583333333333,0.6764166666666668,14.896500000000001,0.28783333333333333,12,12,-0.4030472222222219
1865,8.177833333333334,0.6621666666666667,14.996666666666668,0.30424999999999996,12,12,-0.3028805555555554
1866,8.292166666666667,0.606,15.057,0.28608333333333336,12,12,-0.2425472222222229
1867,8.436333333333334,0.6348333333333334,15.058666666666667,0.28575,12,12,-0.240880555555556
1868,8.247916666666667,0.5463333333333333,15.096916666666667,0.24933333333333332,12,12,-0.2026305555555563
1869,8.432083333333333,0.5956666666666667,15.0655,0.24358333333333335,12,12,-0.23404722222222318
1870,8.201333333333332,0.5501666666666667,15.004333333333333,0.22483333333333333,12,12,-0.29521388888889
1871,8.115083333333333,0.57025,15.005916666666666,0.23199999999999998,12,12,-0.2936305555555574
1872,8.193833333333332,0.5890833333333333,15.019333333333334,0.2305,12,12,-0.28021388888888943
1873,8.351083333333333,0.5505,15.04925,0.22208333333333333,12,12,-0.2502972222222226
1874,8.4335,0.5179166666666667,14.957,0.21333333333333335,12,12,-0.34254722222222256
1875,7.859583333333333,0.4515,14.921916666666666,0.19708333333333336,12,12,-0.377630555555557
1876,8.080083333333333,0.4335,14.909416666666667,0.19333333333333333,12,12,-0.3901305555555563
1877,8.539583333333333,0.4559166666666667,15.282666666666666,0.19675,12,12,-0.016880555555557564
1878,8.829749999999999,0.42491666666666666,15.357416666666666,0.18625,12,12,0.05786944444444231
1879,8.165833333333333,0.46341666666666664,15.064416666666666,0.18341666666666664,12,12,-0.23513055555555695
1880,8.11875,0.41491666666666666,15.008666666666668,0.17291666666666664,12,12,-0.2908805555555549
1881,8.270916666666666,0.41933333333333334,15.087166666666667,0.17008333333333334,12,12,-0.21238055555555668
1882,8.128916666666667,0.3799166666666667,15.056583333333334,0.16008333333333333,12,12,-0.2429638888888892
1883,7.976916666666667,0.3706666666666667,14.96325,0.15116666666666664,12,12,-0.3362972222222229
1884,7.773666666666666,0.39625,14.83325,0.15066666666666667,12,12,-0.4662972222222237
1885,7.919666666666667,0.425,14.854416666666665,0.15491666666666667,12,12,-0.4451305555555578
1886,7.9545,0.38599999999999995,14.83525,0.14533333333333334,12,12,-0.464297222222223
1887,7.914916666666667,0.39208333333333334,14.816,0.15016666666666664,12,12,-0.4835472222222226
1888,8.0905,0.3824166666666667,14.994083333333334,0.14925,12,12,-0.3054638888888892
1889,8.319,0.3698333333333334,15.113416666666666,0.15241666666666667,12,12,-0.18613055555555746
1890,7.971666666666667,0.34299999999999997,14.84075,0.14966666666666667,12,12,-0.4587972222222234
1891,8.019333333333334,0.3353333333333333,14.943833333333332,0.15358333333333332,12,12,-0.3557138888888911
1892,8.065833333333332,0.3388333333333333,14.8825,0.156,12,12,-0.417047222222223
1893,8.05675,0.34525,14.91225,0.15425,12,12,-0.38729722222222307
1894,8.161,0.31725,14.91475,0.15033333333333332,12,12,-0.38479722222222357
1895,8.147,0.29925,14.969,0.14683333333333334,12,12,-0.3305472222222239
1896,8.214916666666667,0.30883333333333335,15.090583333333333,0.148,12,12,-0.20896388888889028
1897,8.293333333333333,0.31383333333333335,15.075333333333333,0.14933333333333335,12,12,-0.22421388888889027
1898,8.177999999999999,0.3256666666666667,14.886916666666666,0.1485,12,12,-0.41263055555555717
1899,8.396333333333333,0.32475,15.048333333333334,0.1475,12,12,-0.2512138888888895
1900,8.501583333333334,0.31475000000000003,15.143916666666668,0.15025,12,12,-0.15563055555555572
1901,8.541916666666667,0.30624999999999997,15.073333333333332,0.14575,12,12,-0.22621388888889093
1902,8.304416666666667,0.29275,14.958333333333334,0.13549999999999998,12,12,-0.34121388888888937
1903,8.220166666666666,0.29,14.836583333333332,0.13483333333333333,12,12,-0.4629638888888916
1904,8.090916666666667,0.28641666666666665,14.810416666666669,0.1330833333333333,12,12,-0.48913055555555474
1905,8.225166666666667,0.27875,14.954666666666666,0.129,12,12,-0.34488055555555697
1906,8.379083333333332,0.27491666666666664,15.031916666666667,0.1285833333333333,12,12,-0.2676305555555558
1907,7.947166666666667,0.2571666666666667,14.874833333333333,0.12583333333333332,12,12,-0.42471388888889017
1908,8.186083333333334,0.27475,14.838166666666666,0.12508333333333332,12,12,-0.46138055555555724
1909,8.17825,0.26275,14.790333333333335,0.1195,12,12,-0.5092138888888886
1910,8.223,0.26008333333333333,14.819083333333333,0.11758333333333333,12,12,-0.4804638888888899
1911,8.177,0.24783333333333335,14.776000000000002,0.11516666666666665,12,12,-0.5235472222222217
1912,8.165416666666667,0.2584166666666667,14.877166666666668,0.11691666666666667,12,12,-0.42238055555555576
1913,8.29775,0.26225000000000004,14.90875,0.11708333333333333,12,12,-0.3907972222222238
1914,8.5905,0.2519166666666667,15.07625,0.12525,12,12,-0.22329722222222337
1915,8.593166666666667,0.24616666666666664,15.143749999999999,0.13425,12,12,-0.15579722222222436
1916,8.22525,0.2604166666666667,14.901333333333334,0.13483333333333333,12,12,-0.39821388888888976
1917,8.023333333333333,0.26066666666666666,14.809750000000001,0.14049999999999999,12,12,-0.4897972222222222
1918,8.130833333333333,0.26825,14.959833333333334,0.14816666666666667,12,12,-0.3397138888888893
1919,8.38225,0.26675,15.006750000000002,0.14283333333333334,12,12,-0.29279722222222127
1920,8.358749999999999,0.26266666666666666,15.02625,0.1355833333333333,12,12,-0.2732972222222241
1921,8.571,0.2568333333333333,15.102083333333335,0.12916666666666665,12,12,-0.19746388888888866
1922,8.408,0.25858333333333333,15.012333333333332,0.12408333333333332,12,12,-0.2872138888888909
1923,8.422166666666667,0.2530833333333333,15.027833333333334,0.12266666666666666,12,12,-0.2717138888888897
1924,8.506833333333335,0.2568333333333333,15.039333333333333,0.1245,12,12,-0.26021388888888985
1925,8.534416666666667,0.24075,15.090333333333334,0.12391666666666667,12,12,-0.2092138888888897
1926,8.728833333333332,0.24266666666666667,15.241083333333334,0.12241666666666667,12,12,-0.058463888888889315
1927,8.522083333333333,0.24891666666666667,15.122250000000001,0.12166666666666666,12,12,-0.17729722222222222
1928,8.632166666666667,0.24858333333333335,15.132249999999999,0.12333333333333334,12,12,-0.1672972222222242
1929,8.242416666666667,0.25175,14.967416666666667,0.12466666666666666,12,12,-0.3321305555555565
1930,8.633583333333332,0.23966666666666667,15.1725,0.12891666666666665,12,12,-0.12704722222222387
1931,8.71925,0.23775000000000002,15.228250000000001,0.12908333333333333,12,12,-0.07129722222222235
1932,8.70525,0.24891666666666667,15.188,0.12941666666666665,12,12,-0.11154722222222269
1933,8.33825,0.24266666666666667,15.012916666666667,0.12708333333333333,12,12,-0.28663055555555594
1934,8.628333333333334,0.24008333333333334,15.1445,0.12441666666666666,12,12,-0.15504722222222256
1935,8.51575,0.23591666666666666,15.118833333333333,0.12233333333333334,12,12,-0.1807138888888904
1936,8.554,0.24308333333333332,15.166166666666667,0.12033333333333333,12,12,-0.13338055555555606
1937,8.698333333333332,0.24008333333333332,15.3005,0.12,12,12,0.0009527777777762481
1938,8.863666666666667,0.24050000000000002,15.293083333333334,0.11858333333333333,12,12,-0.006463888888889713
1939,8.760333333333334,0.2373333333333333,15.302333333333332,0.12058333333333333,12,12,0.0027861111111082693
1940,8.764666666666667,0.23108333333333334,15.372083333333334,0.12283333333333334,12,12,0.07253611111111091
1941,8.768666666666666,0.22783333333333333,15.384666666666668,0.11591666666666667,12,12,0.08511944444444453
1942,8.728416666666666,0.2295,15.325333333333333,0.13308333333333333,12,12,0.025786111111109733
1943,8.755083333333333,0.22658333333333333,15.344999999999999,0.13366666666666666,12,12,0.045452777777775566
1944,8.845,0.22516666666666665,15.449083333333334,0.12775,12,12,0.14953611111111087
1945,8.584833333333334,0.22033333333333335,15.33075,0.13033333333333333,12,12,0.031202777777776802
1946,8.676916666666667,0.22241666666666668,15.262750000000002,0.13241666666666665,12,12,-0.03679722222222104
1947,8.797083333333333,0.21708333333333332,15.310166666666667,0.12875,12,12,0.01061944444444407
1948,8.74675,0.20958333333333332,15.261166666666666,0.1285,12,12,-0.038380555555557194
1949,8.58675,0.20824999999999996,15.22275,0.10741666666666666,12,12,-0.07679722222222374
1950,8.365250000000001,0.18633333333333332,15.1395,0.10233333333333333,12,12,-0.16004722222222334
1951,8.625666666666667,0.18416666666666667,15.311166666666667,0.09891666666666667,12,12,0.011619444444443516
1952,8.638250000000001,0.20875,15.363083333333334,0.10166666666666667,12,12,0.06353611111111057
1953,8.87375,0.21208333333333332,15.421083333333334,0.10225,12,12,0.1215361111111104
1954,8.560666666666666,0.18716666666666668,15.230583333333334,0.09533333333333333,12,12,-0.06896388888888971
1955,8.62625,0.15358333333333332,15.174333333333335,0.08808333333333333,12,12,-0.1252138888888883
1956,8.279583333333333,0.12083333333333333,15.106000000000002,0.07966666666666665,12,12,-0.19354722222222165
1957,8.7325,0.158,15.374083333333333,0.08441666666666665,12,12,0.0745361111111098
1958,8.77375,0.10433333333333332,15.382083333333334,0.0745,12,12,0.0825361111111107
1959,8.732666666666667,0.10716666666666667,15.340499999999999,0.07391666666666664,12,12,0.040952777777775395
1960,8.58375,0.09349999999999999,15.291916666666667,0.06933333333333334,12,12,-0.007630555555556029
1961,8.797666666666666,0.09699999999999999,15.379916666666666,0.06716666666666667,12,12,0.08036944444444316
1962,8.745916666666666,0.13291666666666666,15.325583333333334,0.0725,12,12,0.026036111111110927
1963,8.856,0.09233333333333332,15.376666666666667,0.06833333333333334,12,12,0.07711944444444363
1964,8.409666666666666,0.09250000000000001,15.117083333333333,0.06516666666666666,12,12,-0.18246388888888987
1965,8.527416666666666,0.10883333333333334,15.195750000000002,0.06724999999999999,12,12,-0.10379722222222121
1966,8.599333333333332,0.09225,15.264666666666665,0.06366666666666666,12,12,-0.034880555555558246
1967,8.700083333333334,0.08366666666666667,15.294166666666667,0.05925,12,12,-0.005380555555555944
1968,8.516333333333334,0.11166666666666668,15.263916666666667,0.06016666666666667,12,12,-0.0356305555555565
1969,8.595083333333333,0.08516666666666667,15.390500000000001,0.05516666666666667,12,12,0.09095277777777788
1970,8.700916666666666,0.07558333333333332,15.332666666666666,0.05325,12,12,0.03311944444444315
1971,8.59925,0.09791666666666667,15.200000000000001,0.05616666666666667,12,12,-0.09954722222222223
1972,8.499583333333334,0.09533333333333333,15.292916666666668,0.05583333333333334,12,12,-0.006630555555554807
1973,8.94825,0.10074999999999999,15.40475,0.05491666666666667,12,12,0.10520277777777665
1974,8.4675,0.1045,15.168083333333334,0.056249999999999994,12,12,-0.1314638888888897
1975,8.744833333333334,0.09708333333333334,15.238666666666667,0.05533333333333334,12,12,-0.06088055555555627
1976,8.34725,0.10058333333333332,15.131083333333335,0.05741666666666667,12,12,-0.16846388888888875
1977,8.85025,0.08466666666666667,15.40825,0.053,12,12,0.10870277777777737
1978,8.69275,0.10383333333333332,15.300916666666666,0.0555,12,12,0.0013694444444425358
1979,8.733416666666667,0.08641666666666666,15.414166666666667,0.047499999999999994,12,12,0.11461944444444327
1980,8.980333333333332,0.10666666666666667,15.491833333333332,0.05366666666666667,12,12,0.19228611111110894
1981,9.165833333333333,0.08725,15.516166666666669,0.052333333333333336,12,12,0.21661944444444536
1982,8.639166666666666,0.08266666666666667,15.341916666666668,0.05475,12,12,0.04236944444444468
1983,9.028166666666666,0.09399999999999999,15.520249999999999,0.05583333333333334,12,12,0.2207027777777757
1984,8.691833333333333,0.10258333333333332,15.344166666666666,0.05716666666666667,12,12,0.04461944444444299
1985,8.658,0.09325,15.340666666666666,0.05391666666666667,12,12,0.041119444444442266
1986,8.833583333333333,0.085,15.384,0.05325,12,12,0.08445277777777704
1987,8.994416666666666,0.08516666666666667,15.524500000000002,0.05333333333333334,12,12,0.22495277777777822
1988,9.201583333333334,0.08008333333333333,15.555750000000002,0.05325,12,12,0.2562027777777782
1989,8.921999999999999,0.08800000000000001,15.441583333333334,0.05591666666666667,12,12,0.14203611111111059
1990,9.234166666666667,0.08633333333333333,15.629333333333333,0.05725,12,12,0.32978611111111
1991,9.179416666666667,0.06208333333333333,15.597999999999999,0.05508333333333334,12,12,0.2984527777777757
1992,8.836583333333333,0.08333333333333333,15.453000000000001,0.058166666666666665,12,12,0.15345277777777788
1993,8.866583333333333,0.08133333333333333,15.466416666666667,0.059166666666666666,12,12,0.16686944444444407
1994,9.03875,0.07091666666666667,15.534999999999998,0.05858333333333333,12,12,0.23545277777777507
1995,9.347083333333334,0.07641666666666666,15.637833333333333,0.06041666666666667,12,12,0.33828611111110973
1996,9.038916666666667,0.08474999999999999,15.524666666666667,0.0595,12,12,0.22511944444444332
1997,9.202583333333333,0.08858333333333333,15.713833333333334,0.059166666666666666,12,12,0.41428611111111024
1998,9.522666666666668,0.07391666666666666,15.826,0.063,12,12,0.5264527777777772
1999,9.285083333333334,0.07925,15.600333333333333,0.06333333333333334,12,12,0.3007861111111101
2000,9.201166666666667,0.0835,15.610666666666667,0.0635,12,12,0.3111194444444436
2001,9.414583333333333,0.08741666666666666,15.7675,0.06458333333333334,12,12,0.4679527777777768
2002,9.570416666666667,0.07241666666666667,15.829166666666667,0.06291666666666666,12,12,0.5296194444444442
2003,9.525583333333334,0.09066666666666667,15.826583333333334,0.06433333333333334,12,12,0.5270361111111104
2004,9.324583333333333,0.08341666666666668,15.757249999999999,0.06125,12,12,0.4577027777777758
2005,9.700916666666666,0.07516666666666667,15.879249999999999,0.06083333333333333,12,12,0.5797027777777757
2006,9.5325,0.09000000000000001,15.8135,0.061,12,12,0.5139527777777761
2007,9.732166666666666,0.08950000000000001,15.827333333333334,0.05908333333333333,12,12,0.5277861111111104
2008,9.43175,0.07891666666666666,15.72125,0.05725,12,12,0.4217027777777762
2009,9.50525,0.08591666666666666,15.827166666666665,0.058916666666666666,12,12,0.5276194444444418
2010,9.703083333333334,0.08341666666666665,15.895499999999998,0.05858333333333333,12,12,0.5959527777777751
2011,9.516,0.08199999999999998,15.7695,0.059,12,12,0.46995277777777744
2012,9.507333333333333,0.08341666666666668,15.802333333333335,0.0615,12,12,0.5027861111111118
2013,9.6065,0.09766666666666667,15.854416666666667,0.06466666666666666,12,12,0.554869444444444
2014,9.570666666666666,0.09016666666666667,15.912999999999998,0.06316666666666666,12,12,0.6134527777777752
2015,9.831,0.09216666666666666,16.058583333333335,0.06083333333333333,12,12,0.7590361111111115
